{"name":"Instagram","short_name":"Instagram","description":"Connect with friends, share what you're up to, or see what's new from others all over the world. Explore our community where you can feel free to be yourself and share everything from your daily moments to life's highlights.","start_url":"\/?utm_source=pwa_homescreen&__pwa=1","orientation":"landscape-primary","display":"standalone","background_color":"#ffffff","theme_color":"#ffffff","prompt_message":"Add a Home screen icon for easy access to Instagram","icons":[{"src":"https:\/\/static.cdninstagram.com\/rsrc.php\/v4\/yV\/r\/ftfgD2tsNT7.png","sizes":"192x192","type":"image\/png"},{"src":"https:\/\/static.cdninstagram.com\/rsrc.php\/v4\/y-\/r\/JbvfwTnygSa.png","sizes":"512x512","type":"image\/png"}],"gcm_sender_id":"524223308106","gcm_user_visible_only":true,"related_applications":[{"platform":"play","id":"com.instagram.lite"},{"platform":"play","id":"com.instagram.android"},{"platform":"play","id":"com.facebook.appmanager"}],"edge_side_panel":{"preferred_width":496},"lang":"en-US"}